{
	"entity_sounds": {
		"entities": {
		"spongebobaddon:gary": {
		"volume": 1.0,
        "pitch": [ 0.8, 1.2 ],
        "events": {
          "ambient": "mob.gary.idle",
          "hurt": "mob.gary.hurt",
          "death": "mob.gary.death",
           "step": {
            "sound": "mob.cow.step",
            "volume": 1.0,
            "pitch": 1.0
			}
		}
	},
			"spongebobaddon:calamardo_gary": {
				"volume": 1.0,
        "pitch": [ 0.8, 1.2 ],
        "events": {
          "ambient": "mob.gary.idle",
          "hurt": "mob.cow.step",
          "death": "mob.gary.idle",
           "step": {
            "sound": "mob.gary.idle",
            "volume": 0.0,
            "pitch": 0.0
			}
			}
			}
		}
	}
}