{
  "tiers": [
    {
      "trades": [
        {
          "wants": [
            {
              "item": "minecraft:emerald",
              "quantity": {
                "min": 5,
                "max": 5
              }
            }
          ],
          "gives": [
            {
              "item": "spongebobaddon:burger_blue"
            }
          ]
        },
        {
          "wants": [
            {
              "item": "minecraft:emerald",
              "quantity": {
                "min": 5,
                "max": 5
              }
            }
          ],
          "gives": [
            {
              "item": "spongebobaddon:burger_orange"
            }
          ]
        }
      ]
    },
    {
      "trades": [
        {
          "wants": [
            {
              "item": "minecraft:emerald",
              "quantity": {
                "min": 5,
                "max": 5
              }
            }
          ],
          "gives": [
            {
              "item": "spongebobaddon:burger_yellow",
              "quantity": 1
            }
          ]
        },
        {
          "wants": [
            {
              "item": "minecraft:emerald",
              "quantity": {
                "min": 5,
                "max": 5
              }
            }
          ],
          "gives": [
            {
              "item": "spongebobaddon:burger_green",
              "functions": [
                {
                  "function": "enchant_with_levels",
                  "treasure": false,
                  "levels": {
                    "min": 1,
                    "max": 1
                  }
                }
              ]
            }
          ]
        }
      ]
    },
    {
      "trades": [
        {
          "wants": [
            {
              "item": "minecraft:emerald",
              "quantity": {
                "min": 5,
                "max": 5
              }
            }
          ],
          "gives": [
            {
              "item": "spongebobaddon:burger_red"
            }
          ]
        },
        {
          "wants": [
            {
              "item": "minecraft:emerald",
              "quantity": {
                "min": 5,
                "max": 5
              }
            }
          ],
          "gives": [
            {
              "item": "spongebobaddon:burger_purple"
            }
          ]
        },
        {
          "wants": [
            {
              "item": "minecraft:emerald",
              "quantity": {
                "min": 60,
                "max": 60
              }
            }
          ],
          "gives": [
            {
              "item": "spongebobaddon:golden_spatula",
              "functions": [
                {
                  "function": "enchant_with_levels",
                  "treasure": false,
                  "levels": {
                    "min": 1,
                    "max": 1
                  }
                }
              ]
            }
          ]
        }
      ]
    }
  ]
}
