{
  "format_version": "1.8.0",
  "animation_controllers": {
    "controller.animation.pomonster.move": {
      "states": {
        "default": {
          "parameters": [ "query.walk_speed" ],
          "animations": [
		        { "default_pose": [] },
		        { "look_at_target": [] },
            { "walk": [ { "0.0": 0.0, "1.0": 1.0 } ] }
		      ],
          "transitions": [ { "swimming": "query.is_swimming" } ]
        },
        "swimming": {
          "parameters": [ "query.walk_speed" ],
          "animations": [
		        { "swimming_pose": [] },
		        { "look_at_target": [] },
            { "swim": [ { "0.0": 0.0, "1.0": 1.0 } ] }
		      ],
          "transitions": [ { "default": "!query.is_swimming" } ]
        }
      }
    },
    "controller.animation.pomonster.attack": {
      "states": {
        "attack": {
          "animations": [
		        { "attack": [] }
		      ]
        }
      }
    }
  }
}