{
  "resource_pack_name": "spiderman resource",
  "texture_name": "atlas.items",
  "texture_data": {
    "spatula": {
      "textures": "textures/items/spatula"
    },
    "golden_spatula": {
      "textures": "textures/items/golden_spatula"
    },
    "burger_yellow": {
      "textures": "textures/items/burger_yellow"
    },
    "burger_red": {
      "textures": "textures/items/burger_red"
    },
    "burger_purple": {
      "textures": "textures/items/burger_purple"
    },
    "burger_orange": {
      "textures": "textures/items/burger_orange"
    },
    "burger_green": {
      "textures": "textures/items/burger_green"
    },
    "burger_blue": {
      "textures": "textures/items/burger_blue"
    },
    "egg_spongebob": {
      "textures": "textures/items/egg_spongebob"
    },
	"egg_plankton": {
      "textures": "textures/items/egg_plankton"
    },
	"egg_trazo": {
      "textures": "textures/items/egg_trazo"
    },
	"egg_medusa": {
      "textures": "textures/items/egg_medusa"
    },
	"egg_medusa_azul": {
      "textures": "textures/items/egg_medusa_azul"
    },
	"egg_medusa_reina": {
      "textures": "textures/items/egg_medusa_reina"
    },
    "egg_sandy": {
      "textures": "textures/items/egg_sandy"
    },
    "egg_calamardo": {
      "textures": "textures/items/egg_calamardo"
    },
    "egg_gary": {
      "textures": "textures/items/egg_gary"
    },
    "egg_burbuja": {
      "textures": "textures/items/egg_burbuja"
    },
    "egg_cangrejo": {
      "textures": "textures/items/egg_cangrejo"
    },
    "cangreburger": {
      "textures": "textures/items/cangreburger"
    },
     "egg_patrick": {
	"textures": "textures/items/egg_patrick"
   }
  }
}