{
	"format_version": "1.8.0",
	"animations": {
		"animation.po_fasetres.default_pose": {
			"loop": true,
			"animation_length": 1,
			"bones": {
				"head": {
					"rotation": {
						"0.0": [0, 0, 0],
						"0.5": [-10, 0, 0],
						"1.0": [0, 0, 0]
					},
					"position": [0, 0, 0]
				},
				"body0": {
					"rotation": [0, 0, 0],
					"position": [0, 0, 0]
				},
				"leg0_0": {
					"rotation": [0, 0, 0],
					"position": [0, 0, 0]
				},
				"leg0_1": {
					"rotation": [0, 0, 0],
					"position": [0, 0, 0]
				},
				"leg0_2": {
					"rotation": [0, 0, 0],
					"position": [0, 0, 0]
				},
				"leg0_3": {
					"rotation": [0, 0, 0],
					"position": [0, 0, 0]
				},
				"leg0_4": {
					"rotation": [0, 0, 0],
					"position": [0, 0, 0]
				},
				"leg0_6": {
					"rotation": [0, 0, 0],
					"position": [0, 0, 0]
				},
				"leg1_0": {
					"rotation": [0, 0, 0],
					"position": [0, 0, 0]
				},
				"leg1_1": {
					"rotation": [0, 0, 0],
					"position": [0, 0, 0]
				},
				"leg1_2": {
					"rotation": [0, 0, 0],
					"position": [0, 0, 0]
				},
				"leg1_3": {
					"rotation": [0, 0, 0],
					"position": [0, 0, 0]
				},
				"leg1_4": {
					"rotation": [0, 0, 0],
					"position": [0, 0, 0]
				},
				"leg1_6": {
					"rotation": [0, 0, 0],
					"position": [0, 0, 0]
				},
				"body1": {
					"rotation": {
						"0.0": [0, 0, 0],
						"0.5": [-10, 0, 0],
						"1.0": [0, 0, 0]
					},
					"position": [0, 0, 0]
				},
				"body2": {
					"rotation": {
						"0.0": [0, 0, 0],
						"0.5": [-10, 0, 0],
						"1.0": [0, 0, 0]
					},
					"position": [0, 0, 0]
				},
				"garras0": {
					"rotation": {
						"0.0": [0, 0, 0],
						"0.5": [-10, 0, 0],
						"1.0": [0, 0, 0]
					},
					"position": [0, 0, 0]
				},
				"garras0_1": {
					"rotation": {
						"0.0": [0, 0, 0],
						"0.5": [-10, 0, 0],
						"1.0": [0, 0, 0]
					},
					"position": [0, 0, 0]
				},
				"garras1": {
					"rotation": {
						"0.0": [0, 0, 0],
						"0.5": [-10, 0, 0],
						"1.0": [0, 0, 0]
					},
					"position": [0, 0, 0]
				},
				"garras1_1": {
					"rotation": {
						"0.0": [0, 0, 0],
						"0.5": [-10, 0, 0],
						"1.0": [0, 0, 0]
					},
					"position": [0, 0, 0]
				},
				"leg2_0": {
					"rotation": [0, 0, 0],
					"position": [0, 0, 0]
				},
				"leg2_1": {
					"rotation": [0, 0, 0],
					"position": [0, 0, 0]
				},
				"leg2_2": {
					"rotation": [0, 0, 0],
					"position": [0, 0, 0]
				},
				"leg2_3": {
					"rotation": [0, 0, 0],
					"position": [0, 0, 0]
				},
				"leg2_4": {
					"rotation": [0, 0, 0],
					"position": [0, 0, 0]
				},
				"leg2_6": {
					"rotation": [0, 0, 0],
					"position": [0, 0, 0]
				},
				"leg3_0": {
					"rotation": [0, 0, 0],
					"position": [0, 0, 0]
				},
				"leg3_1": {
					"rotation": [0, 0, 0],
					"position": [0, 0, 0]
				},
				"leg3_2": {
					"rotation": [0, 0, 0],
					"position": [0, 0, 0]
				},
				"leg3_3": {
					"rotation": [0, 0, 0],
					"position": [0, 0, 0]
				},
				"leg3_4": {
					"rotation": [0, 0, 0],
					"position": [0, 0, 0]
				},
				"leg3_6": {
					"rotation": [0, 0, 0],
					"position": [0, 0, 0]
				},
				"garras2": {
					"rotation": {
						"0.0": [0, 0, 0],
						"0.5": [-10, 0, 0],
						"1.0": [0, 0, 0]
					},
					"position": [0, 0, 0]
				},
				"garras2.1": {
					"rotation": {
						"0.0": [0, 0, 0],
						"0.5": [-10, 0, 4],
						"1.0": [0, 0, 0]
					},
					"position": [0, 0, 0]
				},
				"garras3": {
					"rotation": {
						"0.0": [0, 0, 0],
						"0.5": [-10, 0, 0],
						"1.0": [0, 0, 0]
					},
					"position": [0, 0, 0]
				},
				"garras3.1": {
					"rotation": {
						"0.0": [0, 0, 0],
						"0.5": [-10, 0, -4],
						"1.0": [0, 0, 0]
					},
					"position": [0, 0, 0]
				},
				"garras2.2": {
					"rotation": {
						"0.0": [0, 0, 0],
						"0.5": [-10, 0, 4],
						"1.0": [0, 0, 0]
					},
					"position": [0, 0, 0]
				},
				"garras2.3": {
					"rotation": {
						"0.0": [0, 0, 0],
						"0.5": [-10, 0, 4],
						"1.0": [0, 0, 0]
					},
					"position": [0, 0, 0]
				},
				"garras3.2": {
					"rotation": {
						"0.0": [0, 0, 0],
						"0.5": [-10, 0, -4],
						"1.0": [0, 0, 0]
					},
					"position": [0, 0, 0]
				},
				"garras3.3": {
					"rotation": {
						"0.0": [0, 0, 0],
						"0.5": [-10, 0, -4],
						"1.0": [0, 0, 0]
					},
					"position": [0, 0, 0]
				},
				"garras4": {
					"rotation": {
						"0.0": [0, 0, 0],
						"0.5": [-10, 0, 0],
						"1.0": [0, 0, 0]
					},
					"position": [0, 0, 0]
				},
				"garras4.1": {
					"rotation": {
						"0.0": [0, 0, 0],
						"0.5": [-15, 0, 0],
						"1.0": [0, 0, 0]
					},
					"position": [0, 0, 0]
				},
				"garras4.2": {
					"rotation": {
						"0.0": [0, 0, 0],
						"0.5": [-15, 0, 0],
						"1.0": [0, 0, 0]
					},
					"position": [0, 0, 0]
				},
				"garras4.3": {
					"rotation": {
						"0.0": [0, 0, 0],
						"0.5": [-15, 0, 0],
						"1.0": [0, 0, 0]
					},
					"position": [0, 0, 0]
				},
				"garras5": {
					"rotation": {
						"0.0": [0, 0, 0],
						"0.5": [-10, 0, 0],
						"1.0": [0, 0, 0]
					},
					"position": [0, 0, 0]
				},
				"garras5.1": {
					"rotation": {
						"0.0": [0, 0, 0],
						"0.5": [-15, 0, 0],
						"1.0": [0, 0, 0]
					},
					"position": [0, 0, 0]
				},
				"garras5.2": {
					"rotation": {
						"0.0": [0, 0, 0],
						"0.5": [-15, 0, 0],
						"1.0": [0, 0, 0]
					},
					"position": [0, 0, 0]
				},
				"garras5.3": {
					"rotation": {
						"0.0": [0, 0, 0],
						"0.5": [-15, 0, 0],
						"1.0": [0, 0, 0]
					},
					"position": [0, 0, 0]
				},
				"dientes": {
					"rotation": {
						"0.0": [0, 0, 0],
						"0.5": [-10, 0, 0],
						"1.0": [0, 0, 0]
					},
					"position": [0, 0, 0]
				},
				"dientes1": {
					"rotation": {
						"0.0": [0, 0, 0],
						"0.5": [-10, 0, 0],
						"1.0": [0, 0, 0]
					},
					"position": [0, 0, 0]
				},
				"dientes2": {
					"rotation": {
						"0.0": [0, 0, 0],
						"0.5": [-10, 0, 0],
						"1.0": [0, 0, 0]
					},
					"position": [0, 0, 0]
				},
				"oreja1": {
					"rotation": {
						"0.0": [0, 0, 0],
						"0.5": [-10, 0, 0],
						"1.0": [0, 0, 0]
					},
					"position": [0, 0, 0]
				},
				"oreja2": {
					"rotation": {
						"0.0": [0, 0, 0],
						"0.5": [-10, 0, 0],
						"1.0": [0, 0, 0]
					},
					"position": [0, 0, 0]
				},
				"ceja1": {
					"rotation": {
						"0.0": [0, 0, 0],
						"0.5": [-10, 0, 0],
						"1.0": [0, 0, 0]
					},
					"position": {
						"0.0": [0, 0, 0],
						"0.5": [0, 0, 1],
						"1.0": [0, 0, 0]
					}
				},
				"ceja2": {
					"rotation": {
						"0.0": [0, 0, 0],
						"0.5": [-10, 0, 0],
						"1.0": [0, 0, 0]
					},
					"position": {
						"0.0": [0, 0, 0],
						"0.5": [0, 0, 1],
						"1.0": [0, 0, 0]
					}
				}
			}
		}
	}
}