{
  "format_version": "1.8.0",
  "animations": {
    "animation.pomonster.swimming_pose": {
      "loop": true,
      "bones": {
        "head": { "rotation": [ 0, 0, 0 ] },
        "body0": { "rotation": [ 0, 0, 0 ] }
      }
    },
    "animation.pomonster.look_at_target": {
      "loop": true,
      "bones": {
        "head": {
          "relative_to": { "rotation": "entity" },
          "rotation": [ "Math.clamp(query.target_x_rotation, -5, 5)", "Math.clamp(query.target_y_rotation, -15, 15)", 0 ]
        },
		  "head1": {
          "relative_to": { "rotation": "entity" },
          "rotation": [ "Math.clamp(query.target_x_rotation, -5, 5)", "Math.clamp(query.target_y_rotation, -15, 15)", 0 ]
        },
				  "head3": {
          "relative_to": { "rotation": "entity" },
          "rotation": [ "Math.clamp(query.target_x_rotation, -5, 5)", "Math.clamp(query.target_y_rotation, -15, 15)", 0 ]
        },
				  "head4": {
          "relative_to": { "rotation": "entity" },
          "rotation": [ "Math.clamp(query.target_x_rotation, -5, 5)", "Math.clamp(query.target_y_rotation, -15, 15)", 0 ]
        },
		"head2": {
          "relative_to": { "rotation": "entity" },
          "rotation": [ "Math.clamp(query.target_x_rotation, -5, 5)", "Math.clamp(query.target_y_rotation, -15, 15)", 0 ]
        }
      }
    },
    "animation.pomonster.walk": {
      "loop": true,
      "anim_time_update": "query.walk_position",
      "bones": {
        "leftArm": { "rotation": [ "Math.cos(global.anim_time * 38.17) *  80.0", 0.0, 0.0 ] },
		"leftArm1": { "rotation": [ "Math.cos(global.anim_time * 38.17) *  80.0", 0.0, 0.0 ] },
        "rightArm": { "rotation": [ "Math.cos(global.anim_time * 38.17) *  -80.0", 0.0, 0.0 ] },
		"rightArm1": { "rotation": [ "Math.cos(global.anim_time * 38.17) *  -80.0", 0.0, 0.0 ] },
        "leftLeg": { "rotation": [ "Math.cos(global.anim_time * 38.17) *  80.0", 0.0, 0.0 ] },
        "leftLeg0_1": { "rotation": [ "Math.cos(global.anim_time * 38.17) *  80.0", 0.0, 0.0 ] },
        "leftLeg0_2": { "rotation": [ "Math.cos(global.anim_time * 38.17) *  80.0", 0.0, 0.0 ] },
        "rightLeg": { "rotation": [ "Math.cos(global.anim_time * 38.17) * -80.0", 0.0, 0.0 ] },
        "rightLeg0_1": { "rotation": [ "Math.cos(global.anim_time * 38.17) * -80.0", 0.0, 0.0 ] },
        "rightLeg0_2": { "rotation": [ "Math.cos(global.anim_time * 38.17) * -80.0", 0.0, 0.0 ] }
      }
    },
    "animation.pomonster.swim": {
      "loop": true,
      "anim_time_update": "query.walk_position",
      "bones": {
        "head": { "rotation": [ 0, "-5   * Math.cos(global.anim_time * 30)", 0 ] }
      }
    }
  }
}