{
  "format_version": "1.8.0-beta.1",
  "animations": {
    "animation.teletubbie.setup": {
      "loop": true,
      "bones": {
        "body": {
          "rotation": [ "-this", 0.0, 0.0 ]
        }
      }
    },
    "animation.teletubbie.baby_transform": {
      "loop": true,
      "bones": {
        "head": {
          "scale": "Entity.Flags.BABY ? 2.0 : 1.0",
          "position": [ 0.0, "Entity.Flags.BABY ? 0.0 : 0.0", "Entity.Flags.BABY ? 0.0 : 0.0" ]
        }
      }
    },
    "animation.teletubbie.default_pose": {
      "loop": true,
      "bones": {
        "head": {
          "relative_to": { "rotation": "entity" },
          "rotation": [ "Math.clamp(Entity.Member.targetXRot, -20, 15)", "Math.clamp(Entity.Member.targetYRot, -15, 15)", 0 ]
		 }
      }
    }
  }
}