{
  "format_version": "1.8.0",
  "minecraft:entity": {
    "description": {
      "identifier": "spongebobaddon:robot_plankton",
      "is_spawnable": true,
      "is_summonable": true,
      "is_experimental": false
    },

    "components": {
        "minecraft:experience_reward": {
          "on_death": "query.last_hit_by_player ? 5 + (query.equipment_count * Math.Random(2,5)) : 0"
        },
      "minecraft:breathable": {
        "totalSupply": 1,
        "suffocateTime": 0
      },
      "minecraft:fire_immune": true,
      "minecraft:nameable": {
      },
      "minecraft:health": {
        "value": 10,
        "max": 10
      },
	  "minecraft:experience_reward": {
        "on_death": "10"
      },
	  "minecraft:pushable": {
        "is_pushable": true,
        "is_pushable_by_piston": true
      },
      "minecraft:collision_box": {
        "width": 0.6,
        "height": 1.5
      },
      "minecraft:movement": {
        "value": 0.05
      },
      "minecraft:navigation.float": {
        "can_path_over_water": true
      },
      "minecraft:behavior.float_wander": {
        "priority": 2,
        "must_reach": true
      },
      "minecraft:can_fly": {
      },
      "minecraft:loot": {
        "table": "loot_tables/entities/plankton.json"
      },
      "minecraft:shooter": {
        "type": "largefireball",
        "def": "minecraft:arrow"
      },
      "minecraft:type_family": {
        "family": [ "plankton", "monster" ]
      },
      "minecraft:scale": {
        "value": 1.25
      },
      "minecraft:fall_damage": {
        "value": 0.0
      },
      "minecraft:jump.static": {
      },
      "minecraft:behavior.float": {
        "priority": 0
      },
      "minecraft:behavior.ranged_attack": {
        "priority": 2,
        "attack_interval_min": 4,
        "attack_interval_max": 6,
        "charge_charged_trigger": 1.0,
        "charge_shoot_trigger": 2.0,
        "attack_radius": 57.5,
        "burst_shots": 30,
        "burst_interval": 0.25,
        "speed_multipler": 2.5
      },
      "minecraft:follow_range": {
        "value": 64,
        "max": 64
      },
      "minecraft:behavior.hurt_by_target": {
        "priority": 3
      },
      "minecraft:behavior.nearest_attackable_target": {
        "priority": 1,
        "within_radius": 57.5,
        "entity_types": [
          {
            "filters": { "other_with_families": [ "player", "villager" ] },
            "max_dist": 57.5
          }
        ]
      },
      "minecraft:physics": {
      }
    }
  }
}
