{
  "format_version": "1.10",
  "minecraft:item": {
    "description": {
      "identifier": "spongebobaddon:burger_yellow"
    },
    
    "components": {
	"minecraft:max_stack_size": 10,
	"minecraft:foil": false,
	"minecraft:use_duration": 35,
    "minecraft:food": {
        "nutrition": 10,
        "saturation_modifier": "supernatural",
        "can_always_eat": true,
        "effects": [
          {
            "name": "haste",
            "chance": 3.0,
            "duration": 300,
            "amplifier": 4
          }
        ]
      }
    }
  }
}