{
	"format_version": "1.12.0",
	"minecraft:geometry": [
		{
			"description": {
				"identifier": "geometry.burbuja",
				"texture_width": 64,
				"texture_height": 64,
				"visible_bounds_width": 2,
				"visible_bounds_height": 2,
				"visible_bounds_offset": [0, 1, 0]
			},
			"bones": [
				{
					"name": "bone",
					"pivot": [0, 12, 0],
					"cubes": [
						{"origin": [-4, 9, -4], "size": [8, 16, 8], "uv": [0, 0]},
						{"origin": [-5, 25, -5], "size": [10, 1, 10], "uv": [0, 53]},
						{"origin": [-4, 26, -4], "size": [8, 2, 8], "uv": [32, 54]},
						{"origin": [1, 28, -4], "size": [3, 2, 8], "uv": [42, 0]},
						{"origin": [-4, 28, -4], "size": [3, 2, 8], "uv": [42, 0]}
					]
				},
				{
					"name": "leftArm",
					"pivot": [4, 19, 0],
					"cubes": [
						{"origin": [1, 9, -2], "size": [4, 10, 4], "pivot": [4, 19, 0], "rotation": [0, 0, -10], "uv": [21, 20]}
					]
				},
				{
					"name": "rightArm",
					"pivot": [-4, 18, 0],
					"cubes": [
						{"origin": [-5, 9, -2], "size": [4, 10, 4], "pivot": [-4, 19, 0], "rotation": [0, 0, 10], "uv": [21, 20]}
					]
				},
				{
					"name": "leftLeg",
					"pivot": [2, 9, 0],
					"cubes": [
						{"origin": [0, 0, -3], "size": [4, 9, 6], "uv": [0, 20]}
					]
				},
				{
					"name": "rightLeg",
					"pivot": [-2, 9, 0],
					"cubes": [
						{"origin": [-4, 0, -3], "size": [4, 9, 6], "uv": [0, 20]}
					]
				}
			]
		}
	]
}