{
	"format_version": "1.12.0",
	"minecraft:geometry": [
		{
			"description": {
				"identifier": "geometry.calamardo_guapo",
				"texture_width": 128,
				"texture_height": 128,
				"visible_bounds_width": 2,
				"visible_bounds_height": 3,
				"visible_bounds_offset": [0, 1.5, 0]
			},
			"bones": [
				{
					"name": "leftLeg",
					"pivot": [3, 18, 0],
					"cubes": [
						{"origin": [1.5, 0, -1.5], "size": [3, 16, 3], "uv": [0, 0]}
					]
				},
				{
					"name": "rightLeg",
					"pivot": [-3, 18, 0],
					"cubes": [
						{"origin": [-4.5, 0, -1.5], "size": [3, 16, 3], "uv": [0, 0]}
					]
				},
				{
					"name": "bone",
					"pivot": [0, 16, 0],
					"cubes": [
						{"origin": [-4, 16, -3], "size": [8, 6, 6], "uv": [0, 62]},
						{"origin": [-6, 22, -3], "size": [12, 10, 6], "uv": [0, 21]},
						{"origin": [-2, 32, -2], "size": [4, 2, 4], "uv": [16, 84]}
					]
				},
				{
					"name": "leftArm",
					"pivot": [-6, 32, 0],
					"cubes": [
						{"origin": [-5, 30, -2], "size": [4, 4, 4], "uv": [0, 77]},
						{"origin": [-5, 19, -2], "size": [4, 12, 4], "inflate": -0.2, "uv": [16, 77]},
						{"origin": [-5, 15.4, -2], "size": [4, 4, 3], "inflate": -0.2, "uv": [32, 78]}
					]
				},
				{
					"name": "rightArm",
					"pivot": [6, 32, 0],
					"cubes": [
						{"origin": [1, 30, -2], "size": [4, 4, 4], "uv": [0, 77]},
						{"origin": [1, 19, -2], "size": [4, 12, 4], "inflate": -0.2, "uv": [16, 77]},
						{"origin": [1, 15.4, -2], "size": [4, 4, 3], "inflate": -0.2, "uv": [32, 78]}
					]
				},
				{
					"name": "head",
					"pivot": [0, 34, 0],
					"cubes": [
						{"origin": [-4, 38.7, -6.6], "size": [8, 4, 6], "pivot": [0, 31, 0], "rotation": [-25, 0, 0], "uv": [34, 0]},
						{"origin": [-1, 34.7, -6], "size": [2, 3, 1], "pivot": [0, 31, 0], "rotation": [-25, 0, 0], "uv": [48, 6]},
						{"origin": [-4, 37, -3], "size": [8, 4, 6], "inflate": -0.25, "uv": [62, 0]},
						{"origin": [-3, 33.5, -3], "size": [6, 4, 6], "inflate": -0.25, "uv": [91, 0]},
						{"origin": [1, 33.25, -4], "size": [2, 2, 2], "uv": [77, 25]},
						{"origin": [2, 36.25, -3], "size": [2, 2, 2], "uv": [77, 25]},
						{"origin": [-4, 36.25, -3], "size": [2, 2, 2], "uv": [77, 25]},
						{"origin": [-3, 33.25, -4], "size": [2, 2, 2], "uv": [77, 25]},
						{"origin": [-1, 33.25, -4], "size": [2, 2, 2], "uv": [77, 25]}
					]
				}
			]
		}
	]
}