{
	"format_version": "1.12.0",
	"minecraft:geometry": [
		{
			"description": {
				"identifier": "geometry.fodder",
				"texture_width": 64,
				"texture_height": 64,
				"visible_bounds_width": 2,
				"visible_bounds_height": 2,
				"visible_bounds_offset": [0, 0, 0]
			},
			"bones": [
				{
					"name": "head",
					"pivot": [0, 11, 0],
					"cubes": [
						{"origin": [-2, 13, -2], "size": [4, 5, 4], "uv": [0, 0]},
						{"origin": [-0.5, 10.5, -0.5], "size": [1, 4, 1], "inflate": -0.25, "uv": [29, 19]},
						{"origin": [-1, 15.5, -2.3], "size": [2, 2, 1], "inflate": -0.25, "uv": [38, 0]},
						{"origin": [-2, 12.9, -2], "size": [4, 2, 1], "inflate": 0.25, "uv": [54, 0]},
						{"origin": [-2, 12.9, -1], "size": [4, 1, 3], "inflate": 0.2, "uv": [26, 0]},
						{"origin": [-2, 13.5, 0], "size": [4, 1, 1], "inflate": 0.25, "uv": [26, 0]}
					]
				},
				{
					"name": "body",
					"pivot": [2, 5, -2],
					"cubes": [
						{"origin": [-2, 5, -2], "size": [4, 6, 4], "uv": [0, 13]},
						{"origin": [-0.5, 2.5, -0.5], "size": [1, 4, 1], "inflate": -0.25, "uv": [29, 19]},
						{"origin": [-0.5, 2.5, -1.5], "size": [1, 1, 3], "inflate": -0.05, "uv": [18, 10]},
						{"origin": [-0.5, 0, -1.5], "size": [1, 3, 3], "inflate": -0.1, "uv": [29, 10]}
					]
				},
				{
					"name": "arm0",
					"pivot": [2, 11, 0],
					"rotation": [0, 0, -15],
					"cubes": [
						{"origin": [2, 7, -0.5], "size": [1, 4, 1], "uv": [6, 16]},
						{"origin": [2, 6.5, -2.5], "size": [1, 1, 3], "inflate": -0.15, "pivot": [2, 7, 0], "rotation": [15, 0, 0], "uv": [6, 16]},
						{"origin": [1.5, 6, -3.5], "size": [2, 2, 2], "inflate": -0.25, "pivot": [2, 7, 0], "rotation": [15, 0, 0], "uv": [6, 16]},
						{"origin": [2, 5, -3], "size": [1, 5, 1], "inflate": -0.25, "pivot": [2, 7, 0], "rotation": [15, 0, 0], "uv": [0, 29]},
						{"origin": [2, 9, -3], "size": [1, 1, 1], "pivot": [2, 7, 0], "rotation": [15, 0, 0], "uv": [2, 25]}
					]
				},
				{
					"name": "arm1",
					"pivot": [-2, 11, 0],
					"rotation": [0, 0, 15],
					"cubes": [
						{"origin": [-3, 7, -0.5], "size": [1, 4, 1], "uv": [6, 16]},
						{"origin": [-3, 6.5, -2.5], "size": [1, 1, 3], "inflate": -0.15, "pivot": [-2, 7, 0], "rotation": [60, 0, 0], "uv": [6, 16]},
						{"origin": [-3.5, 6, -3.5], "size": [2, 2, 2], "inflate": -0.25, "pivot": [-2, 7, 0], "rotation": [60, 0, 0], "uv": [6, 16]}
					]
				}
			]
		}
	]
}