{
	"format_version": "1.12.0",
	"minecraft:geometry": [
		{
			"description": {
				"identifier": "geometry.gary",
				"texture_width": 64,
				"texture_height": 64,
				"visible_bounds_width": 2,
				"visible_bounds_height": 1,
				"visible_bounds_offset": [0, 0.5, 0]
			},
			"bones": [
				{
					"name": "bone",
					"pivot": [0, 0, 0],
					"cubes": [
						{"origin": [-3, 0, -7], "size": [6, 1, 14], "uv": [0, 49]},
						{"origin": [-3, 1, -1], "size": [6, 8, 8], "uv": [0, 0]},
						{"origin": [-2, 0, -6], "size": [1, 8, 1], "inflate": -0.15, "uv": [29, 0]},
						{"origin": [-3, 7, -7], "size": [3, 3, 3], "inflate": -0.5, "uv": [0, 16]},
						{"origin": [1, 0, -6], "size": [1, 8, 1], "inflate": -0.15, "uv": [29, 0]},
						{"origin": [0, 7, -7], "size": [3, 3, 3], "inflate": -0.5, "uv": [0, 16]}
					]
				}
			]
		}
	]
}