{
	"format_version": "1.12.0",
	"minecraft:geometry": [
		{
			"description": {
				"identifier": "geometry.kevin",
				"texture_width": 64,
				"texture_height": 64,
				"visible_bounds_width": 2,
				"visible_bounds_height": 2,
				"visible_bounds_offset": [0, 1, 0]
			},
			"bones": [
				{
					"name": "bone",
					"pivot": [0, 13, 0],
					"cubes": [
						{"origin": [-4, 7, -4], "size": [8, 20, 8], "uv": [32, 0]},
						{"origin": [-4, 13, -4], "size": [8, 1, 8], "inflate": 0.5, "uv": [32, 28]},
						{"origin": [-2, 19, -4.25], "size": [4, 1, 1], "uv": [0, 7]},
						{"origin": [-1.5, 27, -1.5], "size": [3, 4, 3], "uv": [0, 0]},
						{"origin": [0.5, 30.75, -1.5], "size": [1, 1, 1], "inflate": -0.25, "uv": [0, 0]},
						{"origin": [0.5, 30.75, 0.5], "size": [1, 1, 1], "inflate": -0.25, "uv": [0, 0]},
						{"origin": [0.5, 30.75, -0.5], "size": [1, 1, 1], "inflate": -0.25, "uv": [0, 0]},
						{"origin": [-1.5, 30.75, -1.5], "size": [1, 1, 1], "inflate": -0.25, "uv": [0, 0]},
						{"origin": [-0.5, 30.75, -1.5], "size": [1, 1, 1], "inflate": -0.25, "uv": [0, 0]},
						{"origin": [-1.5, 30.75, 0.5], "size": [1, 1, 1], "inflate": -0.25, "uv": [0, 0]},
						{"origin": [-0.5, 30.75, 0.5], "size": [1, 1, 1], "inflate": -0.25, "uv": [0, 0]},
						{"origin": [-1.5, 30.75, -0.5], "size": [1, 1, 1], "inflate": -0.25, "uv": [0, 0]}
					]
				},
				{
					"name": "leftLeg",
					"pivot": [2, 7, 0],
					"cubes": [
						{"origin": [1.5, 0, -0.5], "size": [1, 7, 1], "uv": [0, 56]},
						{"origin": [0.5, 0, -3], "size": [3, 2, 4], "uv": [22, 41]}
					]
				},
				{
					"name": "rightLeg",
					"pivot": [-2, 7, 0],
					"cubes": [
						{"origin": [-2.5, 0, -0.5], "size": [1, 7, 1], "uv": [0, 56]},
						{"origin": [-3.5, 0, -3], "size": [3, 2, 4], "uv": [22, 41]}
					]
				},
				{
					"name": "rightArm",
					"pivot": [-4, 19, 0],
					"cubes": [
						{"origin": [-2.5, 9, -0.5], "size": [1, 10, 1], "pivot": [-4, 19, 0], "rotation": [0, 0, 15], "uv": [60, 53]}
					]
				},
				{
					"name": "leftArm",
					"pivot": [4, 19, 0],
					"cubes": [
						{"origin": [1.5, 9, -0.5], "size": [1, 10, 1], "pivot": [4, 19, 0], "rotation": [0, 0, -15], "uv": [60, 53]}
					]
				}
			]
		}
	]
}