{
	"format_version": "1.12.0",
	"minecraft:geometry": [
		{
			"description": {
				"identifier": "geometry.medusa_reina",
				"texture_width": 64,
				"texture_height": 64,
				"visible_bounds_width": 2,
				"visible_bounds_height": 2,
				"visible_bounds_offset": [0, 1, 0]
			},
			"bones": [
				{
					"name": "bone",
					"pivot": [0, 0, 0],
					"cubes": [
						{"origin": [-4, 10, -4], "size": [8, 8, 8], "uv": [0, 26]},
						{"origin": [-2, 18, -2], "size": [4, 1, 4], "uv": [0, 6]},
						{"origin": [-2, 19, -2], "size": [4, 1, 4], "inflate": 0.1, "uv": [0, 6]},
						{"origin": [1, 19, -2.75], "size": [1, 1, 1], "inflate": -0.25, "uv": [4, 0]},
						{"origin": [1, 19, 1.75], "size": [1, 1, 1], "inflate": -0.25, "uv": [4, 0]},
						{"origin": [-0.5, 19, -2.75], "size": [1, 1, 1], "inflate": -0.25, "uv": [4, 0]},
						{"origin": [-0.5, 19, 1.75], "size": [1, 1, 1], "inflate": -0.25, "uv": [4, 0]},
						{"origin": [-2, 19, -2.75], "size": [1, 1, 1], "inflate": -0.25, "uv": [4, 0]},
						{"origin": [-2, 19, 1.75], "size": [1, 1, 1], "inflate": -0.25, "uv": [4, 0]},
						{"origin": [-2, 20, -2], "size": [4, 1, 4], "inflate": 0.2, "uv": [0, 6]},
						{"origin": [-2, 21, -2], "size": [4, 1, 4], "inflate": 0.3, "uv": [0, 6]},
						{"origin": [1.5, 22, -2.4], "size": [1, 2, 1], "inflate": -0.2, "uv": [8, 6]},
						{"origin": [1.5, 22, 1.4], "size": [1, 2, 1], "inflate": -0.2, "uv": [8, 6]},
						{"origin": [1.5, 22, -0.6], "size": [1, 2, 1], "inflate": -0.2, "uv": [8, 6]},
						{"origin": [-2.5, 22, -0.6], "size": [1, 2, 1], "inflate": -0.2, "uv": [8, 6]},
						{"origin": [-2.5, 22, -2.4], "size": [1, 2, 1], "inflate": -0.2, "uv": [8, 6]},
						{"origin": [-2.5, 22, 1.4], "size": [1, 2, 1], "inflate": -0.2, "uv": [8, 6]},
						{"origin": [-0.5, 22, -2.4], "size": [1, 2, 1], "inflate": -0.2, "uv": [8, 6]},
						{"origin": [-0.5, 22, 1.4], "size": [1, 2, 1], "inflate": -0.2, "uv": [8, 6]},
						{"origin": [-4, 10, 4], "size": [8, 8, 1], "uv": [0, 42]},
						{"origin": [-4, 2, 4], "size": [8, 8, 1], "pivot": [0, 10, 4], "rotation": [20, 0, 0], "uv": [0, 42]},
						{"origin": [-4, 2, 4], "size": [8, 1, 1], "inflate": 0.25, "pivot": [0, 10, 4], "rotation": [20, 0, 0], "uv": [22, 43]}
					]
				},
				{
					"name": "bone2",
					"pivot": [-3, 10, -4],
					"rotation": [20, 0, 0],
					"cubes": [
						{"origin": [-4, 6, -4], "size": [1, 4, 1], "inflate": -0.05, "uv": [0, 0]},
						{"origin": [-2, 6, -4], "size": [1, 4, 1], "inflate": -0.05, "uv": [0, 0]},
						{"origin": [3, 6, -4], "size": [1, 4, 1], "inflate": -0.05, "uv": [0, 0]},
						{"origin": [1, 6, -4], "size": [1, 4, 1], "inflate": -0.05, "uv": [0, 0]}
					]
				},
				{
					"name": "bone3",
					"pivot": [-3, 10, 3],
					"rotation": [20, 0, 0],
					"cubes": [
						{"origin": [-4, 6, 3], "size": [1, 4, 1], "inflate": -0.05, "uv": [0, 0]},
						{"origin": [-2, 6, 3], "size": [1, 4, 1], "inflate": -0.05, "uv": [0, 0]},
						{"origin": [3, 6, 3], "size": [1, 4, 1], "inflate": -0.05, "uv": [0, 0]},
						{"origin": [1, 6, 3], "size": [1, 4, 1], "inflate": -0.05, "uv": [0, 0]}
					]
				}
			]
		}
	]
}