{
	"format_version": "1.12.0",
	"minecraft:geometry": [
		{
			"description": {
				"identifier": "geometry.sandy",
				"texture_width": 64,
				"texture_height": 64,
				"visible_bounds_width": 2,
				"visible_bounds_height": 2,
				"visible_bounds_offset": [0, 1, 0]
			},
			"bones": [
				{
					"name": "head",
					"pivot": [0, 24, 0],
					"cubes": [
						{"origin": [-4, 24, -3], "size": [8, 4, 6], "uv": [0, 0]},
						{"origin": [-5, 24, -6], "size": [10, 1, 1], "uv": [1, 38]},
						{"origin": [-5, 34, -6], "size": [10, 1, 1], "uv": [1, 38]},
						{"origin": [-4, 32, -7], "size": [1, 1, 1], "uv": [0, 34]},
						{"origin": [-4, 33, -7], "size": [1, 1, 1], "uv": [4, 34]},
						{"origin": [-4, 31, -7], "size": [1, 1, 1], "uv": [4, 34]},
						{"origin": [-3, 32, -7], "size": [1, 1, 1], "uv": [4, 34]},
						{"origin": [-5, 32, -7], "size": [1, 1, 1], "uv": [4, 34]},
						{"origin": [-5, 24, 5], "size": [10, 1, 1], "uv": [1, 38]},
						{"origin": [-5, 34, 5], "size": [10, 1, 1], "uv": [1, 38]},
						{"origin": [5, 25, 5], "size": [1, 9, 1], "uv": [1, 38]},
						{"origin": [-6, 25, -6], "size": [1, 9, 1], "uv": [1, 38]},
						{"origin": [5, 25, -6], "size": [1, 9, 1], "uv": [1, 38]},
						{"origin": [-6, 25, 5], "size": [1, 9, 1], "uv": [1, 38]},
						{"origin": [5, 24, -5], "size": [1, 1, 10], "uv": [1, 38]},
						{"origin": [5, 34, -5], "size": [1, 1, 10], "uv": [1, 38]},
						{"origin": [-6, 24, -5], "size": [1, 1, 10], "uv": [1, 38]},
						{"origin": [-6, 34, -5], "size": [1, 1, 10], "uv": [1, 38]},
						{"origin": [-3, 28, -3], "size": [6, 4, 6], "uv": [28, 0]},
						{"origin": [2, 32, -1], "size": [1, 1, 2], "uv": [58, 0]},
						{"origin": [-3, 32, -1], "size": [1, 1, 2], "uv": [58, 0]}
					]
				},
				{
					"name": "leftLeg",
					"pivot": [2, 12, 0],
					"cubes": [
						{"origin": [0, 0, -2], "size": [4, 12, 4], "uv": [32, 10]},
						{"origin": [0, 0, -6], "size": [4, 4, 4], "uv": [0, 26]}
					]
				},
				{
					"name": "rightLeg",
					"pivot": [-2, 12, 0],
					"cubes": [
						{"origin": [-4, 0, -2], "size": [4, 12, 4], "uv": [32, 10]},
						{"origin": [-4, 0, -6], "size": [4, 4, 4], "uv": [0, 26]}
					]
				},
				{
					"name": "bone",
					"pivot": [0, 12, 0],
					"cubes": [
						{"origin": [-4, 12, -2], "size": [8, 12, 4], "uv": [0, 10]}
					]
				},
				{
					"name": "rightArm",
					"pivot": [-6, 24, 0],
					"cubes": [
						{"origin": [-9, 12, -2], "size": [4, 12, 4], "uv": [48, 10]}
					]
				},
				{
					"name": "leftArm",
					"pivot": [6, 24, 0],
					"cubes": [
						{"origin": [5, 12, -2], "size": [4, 12, 4], "uv": [48, 10]}
					]
				}
			]
		}
	]
}