{
	"format_version": "1.12.0",
	"minecraft:geometry": [
		{
			"description": {
				"identifier": "geometry.spongebob",
				"texture_width": 64,
				"texture_height": 64,
				"visible_bounds_width": 3,
				"visible_bounds_height": 2,
				"visible_bounds_offset": [0, 1, 0]
			},
			"bones": [
				{
					"name": "bone",
					"pivot": [0, 18, 0],
					"cubes": [
						{"origin": [-5, 11, -4], "size": [10, 14, 4], "uv": [0, 0]},
						{"origin": [-0.5, 19, -6], "size": [1, 1, 3], "inflate": -0.15, "uv": [0, 18]},
						{"origin": [2, 18.75, -4.5], "size": [1, 1, 1], "uv": [24, 0]},
						{"origin": [-3, 18.75, -4.5], "size": [1, 1, 1], "uv": [24, 0]},
						{"origin": [-0.5, 13.9, -4.5], "size": [1, 1, 1], "inflate": -0.05, "uv": [0, 22]},
						{"origin": [-0.5, 14.5, -4.5], "size": [1, 1, 1], "uv": [0, 22]},
						{"origin": [-0.5, 12.75, -4.5], "size": [1, 1, 1], "inflate": -0.15, "uv": [0, 22]},
						{"origin": [-1, 13.25, -4.5], "size": [2, 1, 1], "inflate": -0.15, "uv": [0, 24]},
						{"origin": [-0.5, 18.50381, -7.66284], "size": [1, 1, 2], "inflate": -0.2, "pivot": [0, 18, 0], "rotation": [-5, 0, 0], "uv": [0, 18]}
					]
				},
				{
					"name": "leftArm",
					"pivot": [5, 15, -2],
					"cubes": [
						{"origin": [5, 14, -5], "size": [2, 2, 2], "pivot": [6, 15, -2], "rotation": [0, 0, -10], "uv": [0, 26]},
						{"origin": [5, 8, -5], "size": [2, 2, 2], "inflate": -0.25, "pivot": [6, 15, -2], "rotation": [0, 0, -10], "uv": [28, 3]},
						{"origin": [5, 9, -5], "size": [2, 6, 2], "inflate": -0.5, "pivot": [6, 15, -2], "rotation": [0, 0, -10], "uv": [28, 0]}
					]
				},
				{
					"name": "rightArm",
					"pivot": [-5, 15, -2],
					"cubes": [
						{"origin": [-7, 14, -5], "size": [2, 2, 2], "pivot": [-6, 15, -2], "rotation": [0, 0, 10], "uv": [0, 26]},
						{"origin": [-7, 8, -5], "size": [2, 2, 2], "inflate": -0.25, "pivot": [-6, 15, -2], "rotation": [0, 0, 10], "uv": [28, 3]},
						{"origin": [-7, 9, -5], "size": [2, 6, 2], "inflate": -0.5, "pivot": [-6, 15, -2], "rotation": [0, 0, 10], "uv": [28, 0]}
					]
				},
				{
					"name": "leftLeg",
					"pivot": [2, 11, -2],
					"cubes": [
						{"origin": [1, 9, -3], "size": [2, 2, 2], "uv": [8, 18]},
						{"origin": [1.5, 1, -2.5], "size": [1, 8, 1], "uv": [0, 30]},
						{"origin": [1, 1, -3.4], "size": [2, 2, 2], "uv": [5, 30]}
					]
				},
				{
					"name": "rightLeg",
					"pivot": [-2, 11, -2],
					"cubes": [
						{"origin": [-3, 9, -3], "size": [2, 2, 2], "uv": [8, 18]},
						{"origin": [-2.5, 1, -2.5], "size": [1, 8, 1], "uv": [0, 30]},
						{"origin": [-3, 1, -3.4], "size": [2, 2, 2], "uv": [5, 30]}
					]
				}
			]
		}
	]
}